501,
,
,
,
,
,https://www.elsevier.com/journals/bioelectrochemistry/1567-5394/guide-for-authors
,
,
,
,
,
,
,
,https://www.elsevier.com/journals/biological-conservation/0006-3207/guide-for-authors
,https://www.elsevier.com/journals/biological-control/1049-9644/guide-for-authors
,
,
,https://www.elsevier.com/journals/biological-psychiatry/0006-3223/guide-for-authors
,https://www.elsevier.com/journals/biological-psychology/0301-0511/guide-for-authors
,
,
,
,https://www.elsevier.com/journals/biologicals/1045-1056/guide-for-authors
,
,
,https://www.elsevier.com/journals/biology-of-blood-and-marrow-transplantation/1083-8791/guide-for-authors
,
,
,
,
,https://www.elsevier.com/journals/biomaterials/0142-9612/guide-for-authors
,
,https://www.elsevier.com/journals/biomedicine-and-pharmacotherapy/0753-3322/guide-for-authors
,
,
,
,
,https://www.elsevier.com/journals/bioorganic-and-medicinal-chemistry/0968-0896/guide-for-authors
,https://www.elsevier.com/journals/bioorganic-and-medicinal-chemistry-letters/0960-894X/guide-for-authors
,https://www.elsevier.com/journals/bioorganic-chemistry/0045-2068/guide-for-authors
,
,https://www.elsevier.com/journals/biophysical-chemistry/0301-4622/guide-for-authors
,https://www.elsevier.com/journals/biophysical-journal/0006-3495/guide-for-authors
,
,
,https://www.elsevier.com/journals/bioresource-technology/0960-8524/guide-for-authors
,
,
,
,
,https://www.elsevier.com/journals/biosensors-and-bioelectronics/0956-5663/guide-for-authors
,https://www.elsevier.com/journals/biosystems/0303-2647/guide-for-authors
,https://www.elsevier.com/journals/biosystems-engineering/1537-5110/guide-for-authors
,
,
,https://www.elsevier.com/journals/biotechnology-advances/0734-9750/guide-for-authors
,
,
,
,
,
,
,
,
,
,
,
,
,https://www.elsevier.com/journals/blood-cells-molecules-and-diseases/1079-9796/guide-for-authors
,
,
,
,https://www.elsevier.com/journals/blood-reviews/0268-960X/guide-for-authors
,
,
,
,
,
,
,
,https://www.elsevier.com/journals/bone/8756-3282/guide-for-authors
,
,
,
,
,
,
,
,
,
,
,https://www.elsevier.com/journals/brain-and-development/0387-7604/guide-for-authors
,https://www.elsevier.com/journals/brain-and-cognition/0278-2626/guide-for-authors
,https://www.elsevier.com/journals/brain-and-language/0093-934X/guide-for-authors
,
,https://www.elsevier.com/journals/brain-behavior-and-immunity/0889-1591/guide-for-authors
,
,https://www.elsevier.com/journals/brain-research/0006-8993/guide-for-authors
,https://www.elsevier.com/journals/brain-research-bulletin/0361-9230/guide-for-authors
,
,
,
,
,
,
,
,
,https://www.elsevier.com/journals/british-journal-of-anaesthesia/0007-0912/guide-for-authors
,
,
,
,
,
,
,
,
,
,https://www.elsevier.com/journals/british-journal-of-oral-and-maxillofacial-surgery/0266-4356/guide-for-authors
,
,
,
,
,
,
,
,
,
,
,https://www.elsevier.com/journals/bulletin-des-sciences-mathematiques/0007-4497/guide-for-authors
,
,
,
,
,
,
,
,
,
,
,
,
,
,
,
,
,
,
,
,
,
,
,
,
,
,
,https://www.elsevier.com/journals/canadian-journal-of-cardiology/0828-282X/guide-for-authors
,
,
,
,
,
,
,
,
,
,
,
,
,
,
,
,
,
,
,
,
,
,
,
,
,
,
,https://www.elsevier.com/journals/cancer-cell/1535-6108/guide-for-authors
,
,
,
,
,https://www.elsevier.com/journals/cancer-genetics/2210-7762/guide-for-authors
,
,
,
,https://www.elsevier.com/journals/cancer-letters/0304-3835/guide-for-authors
,
,
,https://www.elsevier.com/journals/cancer-treatment-reviews/0305-7372/guide-for-authors
,https://www.elsevier.com/journals/carbohydrate-polymers/0144-8617/guide-for-authors
,https://www.elsevier.com/journals/carbohydrate-research/0008-6215/guide-for-authors
,https://www.elsevier.com/journals/carbon/0008-6223/guide-for-authors
,
,
,
,
,https://www.elsevier.com/journals/cardiovascular-pathology/1054-8807/guide-for-authors
,
,
,
,https://www.elsevier.com/journals/catalysis-communications/1566-7367/guide-for-authors
,
,
,
,https://www.elsevier.com/journals/catalysis-today/0920-5861/guide-for-authors
,https://www.elsevier.com/journals/catena/0341-8162/guide-for-authors
,
,https://www.elsevier.com/journals/cell/0092-8674/guide-for-authors
,
,
,
,https://www.elsevier.com/journals/cell-calcium/0143-4160/guide-for-authors
,https://www.elsevier.com/journals/cell-chemical-biology/2451-9456/guide-for-authors
,
,
,https://www.elsevier.com/journals/cell-host-and-microbe/1931-3128/guide-for-authors
,https://www.elsevier.com/journals/cell-metabolism/1550-4131/guide-for-authors
,
,
,https://www.elsevier.com/journals/cell-stem-cell/1934-5909/guide-for-authors
,
,
,
,
,
,
,https://www.elsevier.com/journals/cellular-immunology/0008-8749/guide-for-authors
,
,
,
,https://www.elsevier.com/journals/cellular-signalling/0898-6568/guide-for-authors
,
,https://www.elsevier.com/journals/cement-and-concrete-research/0008-8846/guide-for-authors
,
,https://www.elsevier.com/journals/ceramics-international/0272-8842/guide-for-authors
,
,
,
,
,
,https://www.elsevier.com/journals/chaos-solitons-and-fractals/0960-0779/guide-for-authors
,
,
,
,
,
,
,
,
,https://www.elsevier.com/journals/chemical-engineering-journal/1385-8947/guide-for-authors
,
,https://www.elsevier.com/journals/chemical-engineering-research-and-design/0263-8762/guide-for-authors
,https://www.elsevier.com/journals/chemical-engineering-science/0009-2509/guide-for-authors
,https://www.elsevier.com/journals/chemical-geology/0009-2541/guide-for-authors
,
,
,https://www.elsevier.com/journals/chemical-physics/0301-0104/guide-for-authors
,https://www.elsevier.com/journals/chemical-physics-letters/0009-2614/guide-for-authors
,
,
,
,
,
,
,
,https://www.elsevier.com/journals/chemico-biological-interactions/0009-2797/guide-for-authors
,
,
,
,https://www.elsevier.com/journals/chemistry-and-physics-of-lipids/0009-3084/guide-for-authors
,
,
,
,
,
,
,
,https://www.elsevier.com/journals/chemometrics-and-intelligent-laboratory-systems/0169-7439/guide-for-authors
,https://www.elsevier.com/journals/chemosphere/0045-6535/guide-for-authors
,
,
,
,
,https://www.elsevier.com/journals/chest/0012-3692/guide-for-authors
,
,
,
,https://www.elsevier.com/journals/chinese-journal-of-physics/0577-9073/guide-for-authors
,
,
,
,
,
,
,
,
,
,
,
,
,
,
,
,
,
,
,
,
,
,
,
,
,
,
,https://www.elsevier.com/journals/clinica-chimica-acta/0009-8981/guide-for-authors
,
,
,
,
,
,
,
,
,
,
,
,
,https://www.elsevier.com/journals/clinical-biochemistry/0009-9120/guide-for-authors
,https://www.elsevier.com/journals/clinical-biomechanics/0268-0033/guide-for-authors
,
,
,
,
,
,
,
,
,
,https://www.elsevier.com/journals/clinical-immunology/1521-6616/guide-for-authors
,
,
,
,
,
,
,
,https://www.elsevier.com/journals/clinical-neurophysiology/1388-2457/guide-for-authors
,
,
,
,
,
,
,
,
,https://www.elsevier.com/journals/clinical-radiology/0009-9260/guide-for-authors
,
,
,
,
,https://www.elsevier.com/journals/clinical-therapeutics/0149-2918/guide-for-authors
,
,
,https://www.elsevier.com/journals/clinics-and-research-in-hepatology-and-gastroenterology/2210-7401/guide-for-authors
,https://www.elsevier.com/journals/clinics-in-chest-medicine/0272-5231/guide-for-authors
,https://www.elsevier.com/journals/clinics-in-perinatology/0095-5108/guide-for-authors
,https://www.elsevier.com/journals/clinics-in-sports-medicine/0278-5919/guide-for-authors
,
,https://www.elsevier.com/journals/coastal-engineering/0378-3839/guide-for-authors
,https://www.elsevier.com/journals/cold-regions-science-and-technology/0165-232X/guide-for-authors
,
,
,https://www.elsevier.com/journals/colloids-and-surfaces-a-physicochemical-and-engineering-aspects/0927-7757/guide-for-authors
,https://www.elsevier.com/journals/colloids-and-surfaces-b-biointerfaces/0927-7765/guide-for-authors
,
,
,
,https://www.elsevier.com/journals/combustion-and-flame/0010-2180/guide-for-authors
,
,
,
,
,
,
,
,
,
,
,
,
,
,
,
,
,
,https://www.elsevier.com/journals/comparative-immunology-microbiology-and-infectious-diseases/0147-9571/guide-for-authors
,
,
,https://www.elsevier.com/journals/complementary-therapies-in-medicine/0965-2299/guide-for-authors
,
,https://www.elsevier.com/journals/composites-part-a-applied-science-and-manufacturing/1359-835X/guide-for-authors
,https://www.elsevier.com/journals/composites-part-b-engineering/1359-8368/guide-for-authors
,https://www.elsevier.com/journals/composites-science-and-technology/0266-3538/guide-for-authors
,
,https://www.elsevier.com/journals/comprehensive-psychiatry/0010-440X/guide-for-authors
,https://www.elsevier.com/journals/comptes-rendus-biologies/1631-0691/guide-for-authors
,https://www.elsevier.com/journals/comptes-rendus-chimie/1631-0748/guide-for-authors
,https://www.elsevier.com/journals/comptes-rendus-geoscience/1631-0713/guide-for-authors
,https://www.elsevier.com/journals/comptes-rendus-mathematique/1631-073X/guide-for-authors
,https://www.elsevier.com/journals/comptes-rendus-mecanique/1631-0721/guide-for-authors
,https://www.elsevier.com/journals/comptes-rendus-palevol/1631-0683/guide-for-authors
,https://www.elsevier.com/journals/comptes-rendus-physique/1631-0705/guide-for-authors
,https://www.elsevier.com/journals/computational-and-theoretical-chemistry/2210-271X/guide-for-authors
,https://www.elsevier.com/journals/computational-biology-and-chemistry/1476-9271/guide-for-authors
,
,https://www.elsevier.com/journals/computational-materials-science/0927-0256/guide-for-authors
,
,
,
,https://www.elsevier.com/journals/computer-aided-geometric-design/0167-8396/guide-for-authors
,
,https://www.elsevier.com/journals/computer-methods-and-programs-in-biomedicine/0169-2607/guide-for-authors
,https://www.elsevier.com/journals/computer-methods-in-applied-mechanics-and-engineering/0045-7825/guide-for-authors
,
,https://www.elsevier.com/journals/computer-physics-communications/0010-4655/guide-for-authors
,https://www.elsevier.com/journals/computer-vision-and-image-understanding/1077-3142/guide-for-authors
,https://www.elsevier.com/journals/computer-aided-design/0010-4485/guide-for-authors
,https://www.elsevier.com/journals/computers-and-chemical-engineering/0098-1354/guide-for-authors
,https://www.elsevier.com/journals/computers-and-fluids/0045-7930/guide-for-authors
,https://www.elsevier.com/journals/computers-and-geosciences/0098-3004/guide-for-authors
,https://www.elsevier.com/journals/computers-and-mathematics-with-applications/0898-1221/guide-for-authors
,https://www.elsevier.com/journals/computers-and-structures/0045-7949/guide-for-authors
,https://www.elsevier.com/journals/computers-in-biology-and-medicine/0010-4825/guide-for-authors
,
,
,
,
,
,
,
,
,
,
,https://www.elsevier.com/journals/contemporary-clinical-trials/1551-7144/guide-for-authors
,
,https://www.elsevier.com/journals/continental-shelf-research/0278-4343/guide-for-authors
,
,https://www.elsevier.com/journals/contraception/0010-7824/guide-for-authors
,
,
,
,https://www.elsevier.com/journals/coordination-chemistry-reviews/0010-8545/guide-for-authors
,
,
,
,
,
,https://www.elsevier.com/journals/corrosion-science/0010-938X/guide-for-authors
,https://www.elsevier.com/journals/cortex/0010-9452/guide-for-authors
,https://www.elsevier.com/journals/cretaceous-research/0195-6671/guide-for-authors
,
,https://www.elsevier.com/journals/critical-care-clinics/0749-0704/guide-for-authors
,
,
,
,
,
,
,
,
,
,https://www.elsevier.com/journals/critical-reviews-in-oncology-hematology/1040-8428/guide-for-authors
,
,
,
,
,
,
,https://www.elsevier.com/journals/crop-protection/0261-2194/guide-for-authors
,
,
,https://www.elsevier.com/journals/cryobiology/0011-2240/guide-for-authors
,https://www.elsevier.com/journals/cryogenics/0011-2275/guide-for-authors
,
,
,
,
,
,https://www.elsevier.com/journals/current-applied-physics/1567-1739/guide-for-authors
,https://www.elsevier.com/journals/current-biology/0960-9822/guide-for-authors
,
,
,
,
,
,https://www.elsevier.com/journals/current-opinion-in-biotechnology/0958-1669/guide-for-authors
,
,https://www.elsevier.com/journals/current-opinion-in-cell-biology/0955-0674/guide-for-authors
,https://www.elsevier.com/journals/current-opinion-in-chemical-biology/1367-5931/guide-for-authors
,
,https://www.elsevier.com/journals/current-opinion-in-genetics-and-development/0959-437X/guide-for-authors
,
,https://www.elsevier.com/journals/current-opinion-in-immunology/0952-7915/guide-for-authors
,
,
,https://www.elsevier.com/journals/current-opinion-in-microbiology/1369-5274/guide-for-authors
,
,https://www.elsevier.com/journals/current-opinion-in-neurobiology/0959-4388/guide-for-authors
,
,
,https://www.elsevier.com/journals/current-opinion-in-plant-biology/1369-5266/guide-for-authors
,
,https://www.elsevier.com/journals/current-opinion-in-solid-state-and-materials-science/1359-0286/guide-for-authors
,https://www.elsevier.com/journals/current-opinion-in-structural-biology/0959-440X/guide-for-authors
,
,
,https://www.elsevier.com/journals/current-problems-in-cancer/0147-0272/guide-for-authors
,https://www.elsevier.com/journals/current-problems-in-cardiology/0146-2806/guide-for-authors
,https://www.elsevier.com/journals/current-problems-in-surgery/0011-3840/guide-for-authors
,
,
,
,
,
,https://www.elsevier.com/journals/cytokine/1043-4666/guide-for-authors
,https://www.elsevier.com/journals/cytokine-and-growth-factor-reviews/1359-6101/guide-for-authors
,
,
,
,
,
,
,
,
,https://www.elsevier.com/journals/deep-sea-research-part-i-oceanographic-research-papers/0967-0637/guide-for-authors
,https://www.elsevier.com/journals/deep-sea-research-part-ii-topical-studies-in-oceanography/0967-0645/guide-for-authors
,
,https://www.elsevier.com/journals/dental-materials/0109-5641/guide-for-authors
,
,
,
,https://www.elsevier.com/journals/desalination/0011-9164/guide-for-authors
,
,
,
,
,
,
,https://www.elsevier.com/journals/developmental-and-comparative-immunology/0145-305X/guide-for-authors
,https://www.elsevier.com/journals/developmental-biology/0012-1606/guide-for-authors
,https://www.elsevier.com/journals/developmental-cell/1534-5807/guide-for-authors
,
,
,
,
,
,
,
,https://www.elsevier.com/journals/diabetes-and-metabolism/1262-3636/guide-for-authors
,
,https://www.elsevier.com/journals/diabetes-research-and-clinical-practice/0168-8227/guide-for-authors
,
,
,
,https://www.elsevier.com/journals/diagnostic-microbiology-and-infectious-disease/0732-8893/guide-for-authors
,https://www.elsevier.com/journals/diamond-and-related-materials/0925-9635/guide-for-authors
,https://www.elsevier.com/journals/differentiation/0301-4681/guide-for-authors
,
,https://www.elsevier.com/journals/digestive-and-liver-disease/1590-8658/guide-for-authors
,
,https://www.elsevier.com/journals/digital-signal-processing/1051-2004/guide-for-authors
,
,
,
,https://www.elsevier.com/journals/discrete-applied-mathematics/0166-218X/guide-for-authors
,https://www.elsevier.com/journals/discrete-mathematics/0012-365X/guide-for-authors
,
,
,
,
,https://www.elsevier.com/journals/dna-repair/1568-7864/guide-for-authors
,
,
,
,
,
,https://www.elsevier.com/journals/domestic-animal-endocrinology/0739-7240/guide-for-authors
,https://www.elsevier.com/journals/drug-and-alcohol-dependence/0376-8716/guide-for-authors
,
,
,
,https://www.elsevier.com/journals/drug-discovery-today/1359-6446/guide-for-authors
,
,
,
,
,
,
,
,https://www.elsevier.com/journals/dyes-and-pigments/0143-7208/guide-for-authors
,https://www.elsevier.com/journals/dynamics-of-atmospheres-and-oceans/0377-0265/guide-for-authors
,
,
,
,https://www.elsevier.com/journals/early-human-development/0378-3782/guide-for-authors
,
,https://www.elsevier.com/journals/earth-and-planetary-science-letters/0012-821X/guide-for-authors
,
,
,
,https://www.elsevier.com/journals/earth-science-reviews/0012-8252/guide-for-authors
,
,
,
,
,https://www.elsevier.com/journals/ecological-economics/0921-8009/guide-for-authors
,https://www.elsevier.com/journals/ecological-engineering/0925-8574/guide-for-authors
,
,https://www.elsevier.com/journals/ecological-modelling/0304-3800/guide-for-authors
,
,
,
,
,
,
,
,
,
,
,
,https://www.elsevier.com/journals/ecotoxicology-and-environmental-safety/0147-6513/guide-for-authors
,
,
,https://www.elsevier.com/journals/electrochemistry-communications/1388-2481/guide-for-authors
,https://www.elsevier.com/journals/electrochimica-acta/0013-4686/guide-for-authors
,
,
,
,
,
,
,
,
,
,
,
,
,
,
,
,
,https://www.elsevier.com/journals/endocrinology-and-metabolism-clinics-of-north-america/0889-8529/guide-for-authors
,
,https://www.elsevier.com/journals/energy/0360-5442/guide-for-authors
,
,
,
,
,
,https://www.elsevier.com/journals/engineering-analysis-with-boundary-elements/0955-7997/guide-for-authors
,https://www.elsevier.com/journals/engineering-fracture-mechanics/0013-7944/guide-for-authors
,https://www.elsevier.com/journals/engineering-geology/0013-7952/guide-for-authors
,https://www.elsevier.com/journals/engineering-structures/0141-0296/guide-for-authors
,
,https://www.elsevier.com/journals/environmental-and-experimental-botany/0098-8472/guide-for-authors
,
,
,
,
,
,
,
,
,
,https://www.elsevier.com/journals/environmental-pollution/0269-7491/guide-for-authors
,
,https://www.elsevier.com/journals/environmental-research/0013-9351/guide-for-authors
,
,
,
,
,
,
,https://www.elsevier.com/journals/environmental-toxicology-and-pharmacology/1382-6689/guide-for-authors
,
,https://www.elsevier.com/journals/enzyme-and-microbial-technology/0141-0229/guide-for-authors
,
,
,
,
,https://www.elsevier.com/journals/epilepsy-research/0920-1211/guide-for-authors
,
,
,
,
,
,
,
,
,https://www.elsevier.com/journals/estuarine-coastal-and-shelf-science/0272-7714/guide-for-authors
,
,
,
,
,
,
,
,
,
,
,
,
,
,https://www.elsevier.com/journals/european-journal-of-cancer/0959-8049/guide-for-authors
,
,https://www.elsevier.com/journals/european-journal-of-cell-biology/0171-9335/guide-for-authors
,
,
,
,
,https://www.elsevier.com/journals/european-journal-of-combinatorics/0195-6698/guide-for-authors
,
,
,
,
,
,
,
,
,
,
,
,
,https://www.elsevier.com/journals/european-journal-of-mechanics-a-solids/0997-7538/guide-for-authors
,https://www.elsevier.com/journals/european-journal-of-mechanics-b-fluids/0997-7546/guide-for-authors
,https://www.elsevier.com/journals/european-journal-of-medical-genetics/1769-7212/guide-for-authors
,https://www.elsevier.com/journals/european-journal-of-medicinal-chemistry/0223-5234/guide-for-authors
,
,
,
,https://www.elsevier.com/journals/european-journal-of-obstetrics-and-gynecology-and-reproductive-biology/0301-2115/guide-for-authors
,
,
,
,
,https://www.elsevier.com/journals/european-journal-of-pharmaceutical-sciences/0928-0987/guide-for-authors
,https://www.elsevier.com/journals/european-journal-of-pharmaceutics-and-biopharmaceutics/0939-6411/guide-for-authors
,https://www.elsevier.com/journals/european-journal-of-pharmacology/0014-2999/guide-for-authors
,
,
,https://www.elsevier.com/journals/european-journal-of-protistology/0932-4739/guide-for-authors
,
,
,https://www.elsevier.com/journals/european-journal-of-vascular-and-endovascular-surgery/1078-5884/guide-for-authors
,
,https://www.elsevier.com/journals/european-neuropsychopharmacology/0924-977X/guide-for-authors
,
,
,
,
,
,
,
,
,https://www.elsevier.com/journals/european-polymer-journal/0014-3057/guide-for-authors
,
,
,
,
,
,https://www.elsevier.com/journals/european-urology/0302-2838/guide-for-authors
,
,
,https://www.elsevier.com/journals/evolution-and-human-behavior/1090-5138/guide-for-authors
,
,
,
,
,
,
,
,
,https://www.elsevier.com/journals/experimental-and-toxicologic-pathology/0940-2993/guide-for-authors
,
,
,https://www.elsevier.com/journals/experimental-cell-research/0014-4827/guide-for-authors
,
,https://www.elsevier.com/journals/experimental-eye-research/0014-4835/guide-for-authors
,https://www.elsevier.com/journals/experimental-gerontology/0531-5565/guide-for-authors
,https://www.elsevier.com/journals/experimental-hematology/0301-472X/guide-for-authors
,
,
,
,https://www.elsevier.com/journals/experimental-neurology/0014-4886/guide-for-authors
,https://www.elsevier.com/journals/experimental-parasitology/0014-4894/guide-for-authors
,
,
,
,
,
,
,
,
,
,
,
,
,
,
,
,https://www.elsevier.com/journals/fertility-and-sterility/0015-0282/guide-for-authors
,
,
,https://www.elsevier.com/journals/field-crops-research/0378-4290/guide-for-authors
,https://www.elsevier.com/journals/finite-elements-in-analysis-and-design/0168-874X/guide-for-authors
,https://www.elsevier.com/journals/finite-fields-and-their-applications/1071-5797/guide-for-authors
,https://www.elsevier.com/journals/fish-and-shellfish-immunology/1050-4648/guide-for-authors
,
,
,
,https://www.elsevier.com/journals/flora/0367-2530/guide-for-authors
,
,
,https://www.elsevier.com/journals/fluid-phase-equilibria/0378-3812/guide-for-authors
,
,
,
,
,
,
,
,
,https://www.elsevier.com/journals/food-and-chemical-toxicology/0278-6915/guide-for-authors
,https://www.elsevier.com/journals/food-chemistry/0308-8146/guide-for-authors
,https://www.elsevier.com/journals/food-control/0956-7135/guide-for-authors
,https://www.elsevier.com/journals/food-hydrocolloids/0268-005X/guide-for-authors
,https://www.elsevier.com/journals/food-microbiology/0740-0020/guide-for-authors
,https://www.elsevier.com/journals/food-policy/0306-9192/guide-for-authors
,https://www.elsevier.com/journals/food-quality-and-preference/0950-3293/guide-for-authors
,https://www.elsevier.com/journals/food-research-international/0963-9969/guide-for-authors
,
,
,https://www.elsevier.com/journals/forensic-science-international/0379-0738/guide-for-authors
,https://www.elsevier.com/journals/forest-ecology-and-management/0378-1127/guide-for-authors
,
,
,
,
,
,
,
,
,
,
,https://www.elsevier.com/journals/free-radical-biology-and-medicine/0891-5849/guide-for-authors
,
,
,
,https://www.elsevier.com/journals/frontiers-in-neuroendocrinology/0091-3022/guide-for-authors
,
,https://www.elsevier.com/journals/fuel/0016-2361/guide-for-authors
,https://www.elsevier.com/journals/fuel-processing-technology/0378-3820/guide-for-authors
,
,
,
,
,https://www.elsevier.com/journals/fungal-biology/1878-6146/guide-for-authors
,https://www.elsevier.com/journals/fungal-genetics-and-biology/1087-1845/guide-for-authors
,https://www.elsevier.com/journals/fusion-engineering-and-design/0920-3796/guide-for-authors
,
,https://www.elsevier.com/journals/fuzzy-sets-and-systems/0165-0114/guide-for-authors
,https://www.elsevier.com/journals/gait-and-posture/0966-6362/guide-for-authors
,https://www.elsevier.com/journals/gastroenterology/0016-5085/guide-for-authors
,https://www.elsevier.com/journals/gastroenterology-clinics-of-north-america/0889-8553/guide-for-authors
,https://www.elsevier.com/journals/gastrointestinal-endoscopy/0016-5107/guide-for-authors
,https://www.elsevier.com/journals/gene/0378-1119/guide-for-authors
,
,https://www.elsevier.com/journals/general-and-comparative-endocrinology/0016-6480/guide-for-authors
,https://www.elsevier.com/journals/general-hospital-psychiatry/0163-8343/guide-for-authors
,
,
,
,
,
,
,
,
,
,
,
,
,
,
,
,https://www.elsevier.com/journals/genomics/0888-7543/guide-for-authors
,
,
,https://www.elsevier.com/journals/geobios/0016-6995/guide-for-authors
,
,
,https://www.elsevier.com/journals/geochimica-et-cosmochimica-acta/0016-7037/guide-for-authors
,https://www.elsevier.com/journals/geoderma/0016-7061/guide-for-authors
,
,
,
,
,
,
,
,https://www.elsevier.com/journals/geomorphology/0169-555X/guide-for-authors
,
,
,
,
,
,
,
,
,
,
,
,
,https://www.elsevier.com/journals/global-and-planetary-change/0921-8181/guide-for-authors
,
,
,
,
,
,
,
,https://www.elsevier.com/journals/gondwana-research/1342-937X/guide-for-authors
,
,https://www.elsevier.com/journals/graphical-models/1524-0703/guide-for-authors
,
,
,
,
,
,https://www.elsevier.com/journals/growth-hormone-and-igf-research/1096-6374/guide-for-authors
,
,
,https://www.elsevier.com/journals/gynecologic-oncology/0090-8258/guide-for-authors
,
,
,
,
,
,
,
,
,
,
,https://www.elsevier.com/journals/hearing-research/0378-5955/guide-for-authors
,
,
,
,
,
,
,https://www.elsevier.com/journals/hematology-oncology-clinics-of-north-america/0889-8588/guide-for-authors
,
,
,
,
,
,
,https://www.elsevier.com/journals/heterocycles/0385-5414/guide-for-authors
,
,
,
,
,
,
,
,
,
,
,
,
,
,
,https://www.elsevier.com/journals/hormones-and-behavior/0018-506X/guide-for-authors
,
,
,
,
,
,
,
,
,
,
,
,https://www.elsevier.com/journals/human-immunology/0198-8859/guide-for-authors
,
,https://www.elsevier.com/journals/human-movement-science/0167-9457/guide-for-authors
,
,https://www.elsevier.com/journals/human-pathology/0046-8177/guide-for-authors
,
,
,
,
,
,
,
,https://www.elsevier.com/journals/hydrometallurgy/0304-386X/guide-for-authors
,
,
,
,
,https://www.elsevier.com/journals/icarus/0019-1035/guide-for-authors
,
,
,
,
,
,
,
,
,
,
,
,
,
,
,
,
,
,
,
,
,
,
,
,
,
,
,
,
,
,
,
,
,
,
,
,
,
,
,
,
,
,
,
,
,
,
,
,
,
,
,
,
,
,
,
,
,
,
,
,
,
,
,
,
,
,
,
,
,
,
,
,
,
,
,
,
,
,
,
,
,
,
,
,
,
,
,
,
,
,
,
,
,
,
,
,
,
,
,
,https://www.elsevier.com/journals/image-and-vision-computing/0262-8856/guide-for-authors
,
,https://www.elsevier.com/journals/immunity/1074-7613/guide-for-authors
,https://www.elsevier.com/journals/immunobiology/0171-2985/guide-for-authors
,
,
,
,
,
,
,https://www.elsevier.com/journals/immunology-letters/0165-2478/guide-for-authors
,
,
,
,
,
,
,
,
,
,
,
,
,
,https://www.elsevier.com/journals/infectious-disease-clinics-of-north-america/0891-5520/guide-for-authors
,
,
,
,
,
,https://www.elsevier.com/journals/information-and-computation/0890-5401/guide-for-authors
,https://www.elsevier.com/journals/information-sciences/0020-0255/guide-for-authors
,https://www.elsevier.com/journals/information-systems/0306-4379/guide-for-authors
,https://www.elsevier.com/journals/infrared-physics-and-technology/1350-4495/guide-for-authors
,
,
,https://www.elsevier.com/journals/inorganic-chemistry-communications/1387-7003/guide-for-authors
,https://www.elsevier.com/journals/inorganica-chimica-acta/0020-1693/guide-for-authors
,
,https://www.elsevier.com/journals/insect-biochemistry-and-molecular-biology/0965-1748/guide-for-authors
,
,
,
,
,
,
,
,
,https://www.elsevier.com/journals/intermetallics/0966-9795/guide-for-authors
,
,
,
,
,https://www.elsevier.com/journals/international-dairy-journal/0958-6946/guide-for-authors
,
,https://www.elsevier.com/journals/international-immunopharmacology/1567-5769/guide-for-authors
,
,
,
,https://www.elsevier.com/journals/international-journal-for-parasitology/0020-7519/guide-for-authors
,
,
,
,https://www.elsevier.com/journals/international-journal-of-antimicrobial-agents/0924-8579/guide-for-authors
,https://www.elsevier.com/journals/international-journal-of-approximate-reasoning/0888-613X/guide-for-authors
,
,
,
,https://www.elsevier.com/journals/international-journal-of-biological-macromolecules/0141-8130/guide-for-authors
,
,
,https://www.elsevier.com/journals/international-journal-of-cardiology/0167-5273/guide-for-authors
,
,
,
,
,
,
,
,https://www.elsevier.com/journals/international-journal-of-coal-geology/0166-5162/guide-for-authors
,
,
,
,
,
,https://www.elsevier.com/journals/international-journal-of-developmental-neuroscience/0736-5748/guide-for-authors
,
,
,https://www.elsevier.com/journals/international-journal-of-engineering-science/0020-7225/guide-for-authors
,
,
,
,https://www.elsevier.com/journals/international-journal-of-fatigue/0142-1123/guide-for-authors
,https://www.elsevier.com/journals/international-journal-of-food-microbiology/0168-1605/guide-for-authors
,
,
,
,
,https://www.elsevier.com/journals/international-journal-of-greenhouse-gas-control/1750-5836/guide-for-authors
,
,
,https://www.elsevier.com/journals/international-journal-of-heat-and-fluid-flow/0142-727X/guide-for-authors
,https://www.elsevier.com/journals/international-journal-of-heat-and-mass-transfer/0017-9310/guide-for-authors
,
,
,https://www.elsevier.com/journals/international-journal-of-human-computer-studies/1071-5819/guide-for-authors
,https://www.elsevier.com/journals/international-journal-of-hydrogen-energy/0360-3199/guide-for-authors
,https://www.elsevier.com/journals/international-journal-of-hygiene-and-environmental-health/1438-4639/guide-for-authors
,
,
,https://www.elsevier.com/journals/international-journal-of-impact-engineering/0734-743X/guide-for-authors
,
,https://www.elsevier.com/journals/international-journal-of-industrial-ergonomics/0169-8141/guide-for-authors
,
,
,https://www.elsevier.com/journals/international-journal-of-machine-tools-and-manufacture/0890-6955/guide-for-authors
,https://www.elsevier.com/journals/international-journal-of-mass-spectrometry/1387-3806/guide-for-authors
,
,
,https://www.elsevier.com/journals/international-journal-of-mechanical-sciences/0020-7403/guide-for-authors
,https://www.elsevier.com/journals/international-journal-of-medical-informatics/1386-5056/guide-for-authors
,https://www.elsevier.com/journals/international-journal-of-medical-microbiology/1438-4221/guide-for-authors
,
,https://www.elsevier.com/journals/international-journal-of-mineral-processing/0301-7516/guide-for-authors
,
,
,
,
,
,https://www.elsevier.com/journals/international-journal-of-multiphase-flow/0301-9322/guide-for-authors
,
,
,https://www.elsevier.com/journals/international-journal-of-non-linear-mechanics/0020-7462/guide-for-authors
,
,
,
,
,https://www.elsevier.com/journals/international-journal-of-oral-and-maxillofacial-surgery/0901-5027/guide-for-authors
,https://www.elsevier.com/journals/international-journal-of-pediatric-otorhinolaryngology/0165-5876/guide-for-authors
,
,https://www.elsevier.com/journals/international-journal-of-pharmaceutics/0378-5173/guide-for-authors
,
,https://www.elsevier.com/journals/international-journal-of-plasticity/0749-6419/guide-for-authors
,
,
,
,https://www.elsevier.com/journals/international-journal-of-psychophysiology/0167-8760/guide-for-authors
,
,
,https://www.elsevier.com/journals/international-journal-of-radiation-oncology-biology-physics/0360-3016/guide-for-authors
,
,
,
,https://www.elsevier.com/journals/international-journal-of-rock-mechanics-and-mining-sciences/1365-1609/guide-for-authors
,
,https://www.elsevier.com/journals/international-journal-of-solids-and-structures/0020-7683/guide-for-authors
,
,
,
,
,
,
,
,
,
,
,
,
,
,
,
,
,
,
,
,
,
,
,
,
,
,
,
,
,
,
,
,
,
,
,
,
,
,
,
,
,
,
,
,https://www.elsevier.com/journals/jacc-cardiovascular-imaging/1936-878X/guide-for-authors
,https://www.elsevier.com/journals/jacc-cardiovascular-interventions/1936-8798/guide-for-authors
,
,
,
,
,
,
,
,
,
,
,
,
,
,
,
,
,
,https://www.elsevier.com/journals/joint-bone-spine/1297-319X/guide-for-authors
,
,
,https://www.elsevier.com/journals/journal-de-mathematiques-pures-et-appliquees/0021-7824/guide-for-authors
,
,
,
,https://www.elsevier.com/journals/journal-of-adolescent-health/1054-139X/guide-for-authors
,
,https://www.elsevier.com/journals/journal-of-aerosol-science/0021-8502/guide-for-authors
,https://www.elsevier.com/journals/journal-of-affective-disorders/0165-0327/guide-for-authors
,
,
,
,
,
,
,https://www.elsevier.com/journals/journal-of-algebra/0021-8693/guide-for-authors
,
,https://www.elsevier.com/journals/journal-of-allergy-and-clinical-immunology/0091-6749/guide-for-authors
,https://www.elsevier.com/journals/journal-of-alloys-and-compounds/0925-8388/guide-for-authors
,
,https://www.elsevier.com/journals/journal-of-analytical-and-applied-pyrolysis/0165-2370/guide-for-authors
,
,
,
,
,
,
,
,
,
,
,
,
,
,
,
,
,
,
,https://www.elsevier.com/journals/journal-of-applied-geophysics/0926-9851/guide-for-authors
,
,
,
,
,
,
,
,
,
,
,https://www.elsevier.com/journals/journal-of-approximation-theory/0021-9045/guide-for-authors
,
,https://www.elsevier.com/journals/journal-of-arid-environments/0140-1963/guide-for-authors
,
,
,
,
,https://www.elsevier.com/journals/journal-of-atmospheric-and-solar-terrestrial-physics/1364-6826/guide-for-authors
,
,https://www.elsevier.com/journals/journal-of-autoimmunity/0896-8411/guide-for-authors
,
,
,
,
,
,
,
,
,
,
,
,
,https://www.elsevier.com/journals/journal-of-biomechanics/0021-9290/guide-for-authors
,https://www.elsevier.com/journals/journal-of-biomedical-informatics/1532-0464/guide-for-authors
,
,
,
,
,
,
,
,https://www.elsevier.com/journals/journal-of-bioscience-and-bioengineering/1389-1723/guide-for-authors
,
,https://www.elsevier.com/journals/journal-of-biotechnology/0168-1656/guide-for-authors
,
,
,
,
,https://www.elsevier.com/journals/journal-of-cardiothoracic-and-vascular-anesthesia/1053-0770/guide-for-authors
,
,
,
,https://www.elsevier.com/journals/journal-of-catalysis/0021-9517/guide-for-authors
,https://www.elsevier.com/journals/journal-of-cataract-and-refractive-surgery/0886-3350/guide-for-authors
,
,
,
,
,
,https://www.elsevier.com/journals/journal-of-cereal-science/0733-5210/guide-for-authors
,
,
,
,
,
,
,
,https://www.elsevier.com/journals/journal-of-chemical-neuroanatomy/0891-0618/guide-for-authors
,
,
,
,
,
,
,
,
,
,
,
,https://www.elsevier.com/journals/journal-of-chromatography-a/0021-9673/guide-for-authors
,
,
,
,
,
,https://www.elsevier.com/journals/journal-of-clinical-epidemiology/0895-4356/guide-for-authors
,
,
,
,
,
,
,
,
,
,
,
,
,
,https://www.elsevier.com/journals/journal-of-clinical-virology/1386-6532/guide-for-authors
,
,
,
,
,https://www.elsevier.com/journals/journal-of-colloid-and-interface-science/0021-9797/guide-for-authors
,
,https://www.elsevier.com/journals/journal-of-combinatorial-theory-series-a/0097-3165/guide-for-authors
,https://www.elsevier.com/journals/journal-of-combinatorial-theory-series-b/0095-8956/guide-for-authors
,
,
,https://www.elsevier.com/journals/journal-of-comparative-pathology/0021-9975/guide-for-authors
,
,
,
,https://www.elsevier.com/journals/journal-of-complexity/0885-064X/guide-for-authors
,
,
,https://www.elsevier.com/journals/journal-of-computational-and-applied-mathematics/0377-0427/guide-for-authors
,
,
,https://www.elsevier.com/journals/journal-of-computational-physics/0021-9991/guide-for-authors
,https://www.elsevier.com/journals/journal-of-computer-and-system-sciences/0022-0000/guide-for-authors
,
,
,
,
,https://www.elsevier.com/journals/journal-of-contaminant-hydrology/0169-7722/guide-for-authors
,https://www.elsevier.com/journals/journal-of-controlled-release/0168-3659/guide-for-authors
,
,https://www.elsevier.com/journals/journal-of-cranio-maxillofacial-surgery/1010-5182/guide-for-authors
,
,https://www.elsevier.com/journals/journal-of-critical-care/0883-9441/guide-for-authors
,
,
,https://www.elsevier.com/journals/journal-of-crystal-growth/0022-0248/guide-for-authors
,
,
,https://www.elsevier.com/journals/journal-of-dairy-science/0022-0302/guide-for-authors
,
,https://www.elsevier.com/journals/journal-of-dentistry/0300-5712/guide-for-authors
,https://www.elsevier.com/journals/journal-of-dermatological-science/0923-1811/guide-for-authors
,https://www.elsevier.com/journals/journal-of-differential-equations/0022-0396/guide-for-authors
,
,
,
,https://www.elsevier.com/journals/journal-of-drug-delivery-science-and-technology/1773-2247/guide-for-authors
,
,
,
,
,
,
,https://www.elsevier.com/journals/journal-of-electroanalytical-chemistry/1572-6657/guide-for-authors
,https://www.elsevier.com/journals/journal-of-electrocardiology/0022-0736/guide-for-authors
,
,https://www.elsevier.com/journals/journal-of-electromyography-and-kinesiology/1050-6411/guide-for-authors
,https://www.elsevier.com/journals/journal-of-electron-spectroscopy-and-related-phenomena/0368-2048/guide-for-authors
,
,
,
,https://www.elsevier.com/journals/journal-of-endodontics/0099-2399/guide-for-authors
,
,
,
,
,
,
,
,
,
,https://www.elsevier.com/journals/journal-of-environmental-management/0301-4797/guide-for-authors
,
,
,
,
,
,
,https://www.elsevier.com/journals/journal-of-ethnopharmacology/0378-8741/guide-for-authors
,
,
,
,
,
,https://www.elsevier.com/journals/journal-of-experimental-marine-biology-and-ecology/0022-0981/guide-for-authors
,
,
,
,
,
,
,
,
,
,
,https://www.elsevier.com/journals/journal-of-fluids-and-structures/0889-9746/guide-for-authors
,
,
,https://www.elsevier.com/journals/journal-of-fluorine-chemistry/0022-1139/guide-for-authors
,
,https://www.elsevier.com/journals/journal-of-food-engineering/0260-8774/guide-for-authors
,
,
,
,
,
,
,
,https://www.elsevier.com/journals/journal-of-functional-analysis/0022-1236/guide-for-authors
,
,
,
,
,
,
,https://www.elsevier.com/journals/journal-of-geochemical-exploration/0375-6742/guide-for-authors
,
,https://www.elsevier.com/journals/journal-of-geodynamics/0264-3707/guide-for-authors
,
,https://www.elsevier.com/journals/journal-of-geometry-and-physics/0393-0440/guide-for-authors
,
,
,
,
,
,
,
,
,
,
,
,
,
,https://www.elsevier.com/journals/journal-of-great-lakes-research/0380-1330/guide-for-authors
,
,
,https://www.elsevier.com/journals/journal-of-hazardous-materials/0304-3894/guide-for-authors
,
,https://www.elsevier.com/journals/journal-of-health-economics/0167-6296/guide-for-authors
,
,
,
,
,https://www.elsevier.com/journals/journal-of-hepatology/0168-8278/guide-for-authors
,
,
,
,
,
,
,
,https://www.elsevier.com/journals/journal-of-hospital-infection/0195-6701/guide-for-authors
,https://www.elsevier.com/journals/journal-of-human-evolution/0047-2484/guide-for-authors
,
,
,
,
,https://www.elsevier.com/journals/journal-of-hydrology/0022-1694/guide-for-authors
,
,
,https://www.elsevier.com/journals/journal-of-immunological-methods/0022-1759/guide-for-authors
,
,
,
,
,https://www.elsevier.com/journals/journal-of-infection/0163-4453/guide-for-authors
,
,
,
,
,https://www.elsevier.com/journals/journal-of-inorganic-biochemistry/0162-0134/guide-for-authors
,https://www.elsevier.com/journals/journal-of-insect-physiology/0022-1910/guide-for-authors
,
,
,
,https://www.elsevier.com/journals/journal-of-invertebrate-pathology/0022-2011/guide-for-authors
,https://www.elsevier.com/journals/journal-of-investigative-dermatology/0022-202X/guide-for-authors
,
,
,
,
,
,
,
,
,
,
,
,https://www.elsevier.com/journals/journal-of-logical-and-algebraic-methods-in-programming/2352-2208/guide-for-authors
,
,https://www.elsevier.com/journals/journal-of-luminescence/0022-2313/guide-for-authors
,
,
,https://www.elsevier.com/journals/journal-of-magnetic-resonance/1090-7807/guide-for-authors
,
,https://www.elsevier.com/journals/journal-of-magnetism-and-magnetic-materials/0304-8853/guide-for-authors
,
,
,
,https://www.elsevier.com/journals/journal-of-marine-systems/0924-7963/guide-for-authors
,
,
,
,
,
,
,
,https://www.elsevier.com/journals/journal-of-mathematical-analysis-and-applications/0022-247X/guide-for-authors
,
,
,
,
,
,
,
,
,
,
,
,
,
,
,https://www.elsevier.com/journals/journal-of-membrane-science/0376-7388/guide-for-authors
,
,https://www.elsevier.com/journals/journal-of-microbiological-methods/0167-7012/guide-for-authors
,
,
,
,
,
,https://www.elsevier.com/journals/journal-of-molecular-and-cellular-cardiology/0022-2828/guide-for-authors
,https://www.elsevier.com/journals/journal-of-molecular-biology/0022-2836/guide-for-authors
,
,
,
,https://www.elsevier.com/journals/journal-of-molecular-graphics-and-modelling/1093-3263/guide-for-authors
,
,https://www.elsevier.com/journals/journal-of-molecular-liquids/0167-7322/guide-for-authors
,
,
,
,https://www.elsevier.com/journals/journal-of-molecular-spectroscopy/0022-2852/guide-for-authors
,https://www.elsevier.com/journals/journal-of-molecular-structure/0022-2860/guide-for-authors
,
,
,
,https://www.elsevier.com/journals/journal-of-multivariate-analysis/0047-259X/guide-for-authors
,
,
,
,
,
,
,
,
,
,https://www.elsevier.com/journals/journal-of-neuroimmunology/0165-5728/guide-for-authors
,
,
,
,
,
,
,https://www.elsevier.com/journals/journal-of-neuroscience-methods/0165-0270/guide-for-authors
,
,
,
,
,https://www.elsevier.com/journals/journal-of-non-crystalline-solids/0022-3093/guide-for-authors
,
,https://www.elsevier.com/journals/journal-of-non-newtonian-fluid-mechanics/0377-0257/guide-for-authors
,
,
,
,https://www.elsevier.com/journals/journal-of-nuclear-materials/0022-3115/guide-for-authors
,
,
,https://www.elsevier.com/journals/journal-of-number-theory/0022-314X/guide-for-authors
,
,
,
,
,
,
,
,
,https://www.elsevier.com/journals/journal-of-oral-and-maxillofacial-surgery/0278-2391/guide-for-authors
,
,
,
,
,https://www.elsevier.com/journals/journal-of-organometallic-chemistry/0022-328X/guide-for-authors
,
,
,
,
,
,
,
,
,https://www.elsevier.com/journals/journal-of-parallel-and-distributed-computing/0743-7315/guide-for-authors
,
,
,
,
,
,
,https://www.elsevier.com/journals/journal-of-pediatric-surgery/0022-3468/guide-for-authors
,
,
,
,
,
,
,
,https://www.elsevier.com/journals/journal-of-petroleum-science-and-engineering/0920-4105/guide-for-authors
,
,https://www.elsevier.com/journals/journal-of-pharmaceutical-and-biomedical-analysis/0731-7085/guide-for-authors
,https://www.elsevier.com/journals/journal-of-pharmaceutical-sciences/0022-3549/guide-for-authors
,
,https://www.elsevier.com/journals/journal-of-pharmacological-sciences/1347-8613/guide-for-authors
,
,
,https://www.elsevier.com/journals/journal-of-photochemistry-and-photobiology-a-chemistry/1010-6030/guide-for-authors
,https://www.elsevier.com/journals/journal-of-photochemistry-and-photobiology-b-biology/1011-1344/guide-for-authors
,
,
,
,
,
,
,
,
,https://www.elsevier.com/journals/journal-of-physics-and-chemistry-of-solids/0022-3697/guide-for-authors
,
,
,
,
,
,
,
,
,
,
,
,
,
,https://www.elsevier.com/journals/journal-of-plant-physiology/0176-1617/guide-for-authors
,
,
,https://www.elsevier.com/journals/journal-of-plastic-reconstructive-and-aesthetic-surgery/1748-6815/guide-for-authors
,
,
,
,
,
,https://www.elsevier.com/journals/journal-of-power-sources/0378-7753/guide-for-authors
,
,https://www.elsevier.com/journals/journal-of-process-control/0959-1524/guide-for-authors
,
,
,https://www.elsevier.com/journals/journal-of-prosthetic-dentistry/0022-3913/guide-for-authors
,
,https://www.elsevier.com/journals/journal-of-proteomics/1874-3919/guide-for-authors
,https://www.elsevier.com/journals/journal-of-psychiatric-research/0022-3956/guide-for-authors
,
,
,https://www.elsevier.com/journals/journal-of-psychosomatic-research/0022-3999/guide-for-authors
,
,https://www.elsevier.com/journals/journal-of-pure-and-applied-algebra/0022-4049/guide-for-authors
,
,https://www.elsevier.com/journals/journal-of-quantitative-spectroscopy-and-radiative-transfer/0022-4073/guide-for-authors
,
,
,
,
,
,
,
,https://www.elsevier.com/journals/journal-of-reproductive-immunology/0165-0378/guide-for-authors
,
,
,
,
,https://www.elsevier.com/journals/journal-of-sea-research/1385-1101/guide-for-authors
,
,
,
,
,
,https://www.elsevier.com/journals/journal-of-shoulder-and-elbow-surgery/1058-2746/guide-for-authors
,
,
,
,
,
,https://www.elsevier.com/journals/journal-of-solid-state-chemistry/0022-4596/guide-for-authors
,
,https://www.elsevier.com/journals/journal-of-sound-and-vibration/0022-460X/guide-for-authors
,https://www.elsevier.com/journals/journal-of-south-american-earth-sciences/0895-9811/guide-for-authors
,
,
,
,
,https://www.elsevier.com/journals/journal-of-stored-products-research/0022-474X/guide-for-authors
,
,https://www.elsevier.com/journals/journal-of-structural-biology/1047-8477/guide-for-authors
,
,
,https://www.elsevier.com/journals/journal-of-structural-geology/0191-8141/guide-for-authors
,
,
,
,
,
,https://www.elsevier.com/journals/journal-of-surgical-research/0022-4804/guide-for-authors
,https://www.elsevier.com/journals/journal-of-symbolic-computation/0747-7171/guide-for-authors
,
,
,
,
,
,
,
,https://www.elsevier.com/journals/journal-of-the-academy-of-nutrition-and-dietetics/2212-2672/guide-for-authors
,
,
,
,https://www.elsevier.com/journals/journal-of-the-american-academy-of-child-and-adolescent-psychiatry/0890-8567/guide-for-authors
,https://www.elsevier.com/journals/journal-of-the-american-academy-of-dermatology/0190-9622/guide-for-authors
,
,
,
,
,
,https://www.elsevier.com/journals/journal-of-the-american-college-of-surgeons/1072-7515/guide-for-authors
,
,
,
,
,
,
,
,
,
,
,https://www.elsevier.com/journals/journal-of-the-american-society-of-echocardiography/0894-7317/guide-for-authors
,
,
,
,
,
,
,
,
,
,
,https://www.elsevier.com/journals/journal-of-the-european-ceramic-society/0955-2219/guide-for-authors
,
,
,
,https://www.elsevier.com/journals/journal-of-the-formosan-medical-association/0929-6646/guide-for-authors
,
,
,
,
,
,
,
,
,
,
,
,https://www.elsevier.com/journals/journal-of-the-mechanics-and-physics-of-solids/0022-5096/guide-for-authors
,
,https://www.elsevier.com/journals/journal-of-the-neurological-sciences/0022-510X/guide-for-authors
,
,
,
,
,
,
,
,
,
,
,
,https://www.elsevier.com/journals/journal-of-the-taiwan-institute-of-chemical-engineers/1876-1070/guide-for-authors
,
,
,https://www.elsevier.com/journals/journal-of-theoretical-biology/0022-5193/guide-for-authors
,
,
,https://www.elsevier.com/journals/journal-of-thermal-biology/0306-4565/guide-for-authors
,
,
,
,https://www.elsevier.com/journals/journal-of-thoracic-and-cardiovascular-surgery/0022-5223/guide-for-authors
,https://www.elsevier.com/journals/journal-of-thoracic-oncology/1556-0864/guide-for-authors
,
,
,
,
,https://www.elsevier.com/journals/journal-of-trace-elements-in-medicine-and-biology/0946-672X/guide-for-authors
,
,
,
,
,
,
,
,
,
,
,https://www.elsevier.com/journals/journal-of-vascular-surgery/0741-5214/guide-for-authors
,
,
,
,
,
,
,
,
,https://www.elsevier.com/journals/journal-of-virological-methods/0166-0934/guide-for-authors
,
,https://www.elsevier.com/journals/journal-of-visual-languages-and-computing/1045-926X/guide-for-authors
,https://www.elsevier.com/journals/journal-of-volcanology-and-geothermal-research/0377-0273/guide-for-authors
,
,
,
,
,https://www.elsevier.com/journals/journal-of-wind-engineering-and-industrial-aerodynamics/0167-6105/guide-for-authors
,
,
,
,
,
,
,
,
,
,
,
,https://www.elsevier.com/journals/kidney-international/0085-2538/guide-for-authors
,
,
,
,
,
,
,https://www.elsevier.com/journals/knowledge-based-systems/0950-7051/guide-for-authors
,
,
,
,
,
,
,
,
,
,
,
,
,
,
,
,
,
,
,
,
,
,https://www.elsevier.com/journals/leukemia-research/0145-2126/guide-for-authors
,
,https://www.elsevier.com/journals/life-sciences/0024-3205/guide-for-authors
,
,https://www.elsevier.com/journals/linear-algebra-and-its-applications/0024-3795/guide-for-authors
,
,
,https://www.elsevier.com/journals/lithos/0024-4937/guide-for-authors
,
,
,https://www.elsevier.com/journals/livestock-science/1871-1413/guide-for-authors
,
,
,
,https://www.elsevier.com/journals/lung-cancer/0169-5002/guide-for-authors
,
,https://www.elsevier.com/journals/lwt-food-science-and-technology/0023-6438/guide-for-authors
,
,
,
,
,
,
,
,
,
,https://www.elsevier.com/journals/magnetic-resonance-imaging/0730-725X/guide-for-authors
,
,
,
,
,
,
,
,https://www.elsevier.com/journals/mammalian-biology/1616-5047/guide-for-authors
,
,
,
,
,https://www.elsevier.com/journals/marine-and-petroleum-geology/0264-8172/guide-for-authors
,
,
,
,https://www.elsevier.com/journals/marine-chemistry/0304-4203/guide-for-authors
,
,
,https://www.elsevier.com/journals/marine-environmental-research/0141-1136/guide-for-authors
,https://www.elsevier.com/journals/marine-geology/0025-3227/guide-for-authors
,
,
,https://www.elsevier.com/journals/marine-micropaleontology/0377-8398/guide-for-authors
,https://www.elsevier.com/journals/marine-pollution-bulletin/0025-326X/guide-for-authors
,
,
,https://www.elsevier.com/journals/materials-characterization/1044-5803/guide-for-authors
,https://www.elsevier.com/journals/materials-chemistry-and-physics/0254-0584/guide-for-authors
,https://www.elsevier.com/journals/materials-letters/0167-577X/guide-for-authors
,https://www.elsevier.com/journals/materials-research-bulletin/0025-5408/guide-for-authors
,https://www.elsevier.com/journals/materials-science-and-engineering-r-reports/0927-796X/guide-for-authors
,
,
,
,https://www.elsevier.com/journals/materials-science-in-semiconductor-processing/1369-8001/guide-for-authors
,
,https://www.elsevier.com/journals/mathematical-biosciences/0025-5564/guide-for-authors
,
,
,
,
,
,
,
,
,
,
,
,
,https://www.elsevier.com/journals/matrix-biology/0945-053X/guide-for-authors
,https://www.elsevier.com/journals/maturitas/0378-5122/guide-for-authors
,
,https://www.elsevier.com/journals/mayo-clinic-proceedings/0025-6196/guide-for-authors
,
,
,https://www.elsevier.com/journals/meat-science/0309-1740/guide-for-authors
,
,
,https://www.elsevier.com/journals/mechanics-of-materials/0167-6636/guide-for-authors
,https://www.elsevier.com/journals/mechanics-research-communications/0093-6413/guide-for-authors
,https://www.elsevier.com/journals/mechanism-and-machine-theory/0094-114X/guide-for-authors
,https://www.elsevier.com/journals/mechanisms-of-ageing-and-development/0047-6374/guide-for-authors
,https://www.elsevier.com/journals/mechanisms-of-development/0925-4773/guide-for-authors
,https://www.elsevier.com/journals/mechatronics/0957-4158/guide-for-authors
,
,
,
,
,
,https://www.elsevier.com/journals/medical-clinics-of-north-america/0025-7125/guide-for-authors
,
,
,https://www.elsevier.com/journals/medical-engineering-and-physics/1350-4533/guide-for-authors
,https://www.elsevier.com/journals/medical-hypotheses/0306-9877/guide-for-authors
,https://www.elsevier.com/journals/medical-image-analysis/1361-8415/guide-for-authors
,
,
,
,
,https://www.elsevier.com/journals/medicina-clinica/0025-7753/guide-for-authors
,
,
,https://www.elsevier.com/journals/medicine/1357-3039/guide-for-authors
,
,
,
,
,https://www.elsevier.com/journals/mendeleev-communications/0959-9436/guide-for-authors
,
,
,
,
,
,
,
,
,
,https://www.elsevier.com/journals/methods/1046-2023/guide-for-authors
,
,
,
,
,
,https://www.elsevier.com/journals/microbes-and-infection/1286-4579/guide-for-authors
,
,
,https://www.elsevier.com/journals/microbial-pathogenesis/0882-4010/guide-for-authors
,
,
,
,https://www.elsevier.com/journals/microchemical-journal/0026-265X/guide-for-authors
,
,
,https://www.elsevier.com/journals/microelectronic-engineering/0167-9317/guide-for-authors
,https://www.elsevier.com/journals/microelectronics-reliability/0026-2714/guide-for-authors
,https://www.elsevier.com/journals/micron/0968-4328/guide-for-authors
,
,https://www.elsevier.com/journals/microporous-and-mesoporous-materials/1387-1811/guide-for-authors
,
,
,
,
,https://www.elsevier.com/journals/microvascular-research/0026-2862/guide-for-authors
,
,
,
,
,https://www.elsevier.com/journals/minerals-engineering/0892-6875/guide-for-authors
,
,
,
,
,
,
,
,https://www.elsevier.com/journals/molecular-and-biochemical-parasitology/0166-6851/guide-for-authors
,
,
,https://www.elsevier.com/journals/molecular-and-cellular-endocrinology/0303-7207/guide-for-authors
,https://www.elsevier.com/journals/molecular-and-cellular-neuroscience/1044-7431/guide-for-authors
,
,
,
,
,
,
,
,
,https://www.elsevier.com/journals/molecular-catalysis/2468-8231/guide-for-authors
,https://www.elsevier.com/journals/molecular-cell/1097-2765/guide-for-authors
,
,
,
,https://www.elsevier.com/journals/molecular-genetics-and-metabolism/1096-7192/guide-for-authors
,
,https://www.elsevier.com/journals/molecular-immunology/0161-5890/guide-for-authors
,
,
,
,
,
,
,
,
,https://www.elsevier.com/journals/molecular-phylogenetics-and-evolution/1055-7903/guide-for-authors
,
,
,
,
,
,
,https://www.elsevier.com/journals/molecular-therapy/1525-0016/guide-for-authors
,
,
,
,
,
,
,
,
,
,
,
,
,
,
,
,
,https://www.elsevier.com/journals/mutation-research-fundamental-and-molecular-mechanisms-of-mutagenesis/0027-5107/guide-for-authors
,https://www.elsevier.com/journals/mutation-research-genetic-toxicology-and-environmental-mutagenesis/1383-5718/guide-for-authors
,
,
,
,
,
,
,
,
,https://www.elsevier.com/journals/nano-today/1748-0132/guide-for-authors
,
,
,
,
,
,
,
,
,
,
,
,
,
,
,
,
,
,
,
,
,
,
,
,
,
,
,
,
,
,
,
,
,
,
,
,
,
,
,
,
,https://www.elsevier.com/journals/ndt-and-e-international/0963-8695/guide-for-authors
,
,
,https://www.elsevier.com/journals/neoplasia/1476-5586/guide-for-authors
,
,
,
,
,
,
,
,
,
,
,https://www.elsevier.com/journals/neural-networks/0893-6080/guide-for-authors
,https://www.elsevier.com/journals/neurobiology-of-aging/0197-4580/guide-for-authors
,https://www.elsevier.com/journals/neurobiology-of-disease/0969-9961/guide-for-authors
,https://www.elsevier.com/journals/neurobiology-of-learning-and-memory/1074-7427/guide-for-authors
,
,https://www.elsevier.com/journals/neurochemistry-international/0197-0186/guide-for-authors
,
,
,
,https://www.elsevier.com/journals/neuroimage/1053-8119/guide-for-authors
,
,
,
,https://www.elsevier.com/journals/neuromuscular-disorders/0960-8966/guide-for-authors
,https://www.elsevier.com/journals/neuron/0896-6273/guide-for-authors
,
,
,https://www.elsevier.com/journals/neuropeptides/0143-4179/guide-for-authors
,https://www.elsevier.com/journals/neuropharmacology/0028-3908/guide-for-authors
,
,https://www.elsevier.com/journals/neuropsychologia/0028-3932/guide-for-authors
,
,
,
,https://www.elsevier.com/journals/neuroscience/0306-4522/guide-for-authors
,https://www.elsevier.com/journals/neuroscience-and-biobehavioral-reviews/0149-7634/guide-for-authors
,https://www.elsevier.com/journals/neuroscience-letters/0304-3940/guide-for-authors
,https://www.elsevier.com/journals/neuroscience-research/0168-0102/guide-for-authors
,
,
,https://www.elsevier.com/journals/neurotoxicology/0161-813X/guide-for-authors
,https://www.elsevier.com/journals/neurotoxicology-and-teratology/0892-0362/guide-for-authors
,
,https://www.elsevier.com/journals/new-astronomy/1384-1076/guide-for-authors
,https://www.elsevier.com/journals/new-biotechnology/1871-6784/guide-for-authors
,
,
,
,
,
,
,
,
,
,
,
,
,
,
,
,https://www.elsevier.com/journals/njas-wageningen-journal-of-life-sciences/1573-5214/guide-for-authors
,
,
,
,
,
,
,
,
,
,https://www.elsevier.com/journals/nuclear-engineering-and-design/0029-5493/guide-for-authors
,
,https://www.elsevier.com/journals/nuclear-instruments-and-methods-in-physics-research-section-a-accelerators-spectrometers-detectors-and-associated-equipment/0168-9002/guide-for-authors
,https://www.elsevier.com/journals/nuclear-instruments-and-methods-in-physics-research-section-b-beam-interactions-with-materials-and-atoms/0168-583X/guide-for-authors
,https://www.elsevier.com/journals/nuclear-medicine-and-biology/0969-8051/guide-for-authors
,https://www.elsevier.com/journals/nuclear-physics-a/0375-9474/guide-for-authors
,https://www.elsevier.com/journals/nuclear-physics-b/0550-3213/guide-for-authors
,
,
,
,
,
,
,
,
,
,
,https://www.elsevier.com/journals/nutrition/0899-9007/guide-for-authors
,
,https://www.elsevier.com/journals/nutrition-metabolism-and-cardiovascular-diseases/0939-4753/guide-for-authors
,https://www.elsevier.com/journals/nutrition-research/0271-5317/guide-for-authors
,
,
,
,
,
,https://www.elsevier.com/journals/obstetrics-and-gynecology-clinics-of-north-america/0889-8545/guide-for-authors
,
,https://www.elsevier.com/journals/ocean-engineering/0029-8018/guide-for-authors
,
,
,
,
,
,
,
,
,
,
,
,
,
,
,
,https://www.elsevier.com/journals/operations-research-letters/0167-6377/guide-for-authors
,
,
,
,
,
,
,https://www.elsevier.com/journals/ophthalmology/0161-6420/guide-for-authors
,
,
,https://www.elsevier.com/journals/optical-fiber-technology/1068-5200/guide-for-authors
,https://www.elsevier.com/journals/optical-materials/0925-3467/guide-for-authors
,https://www.elsevier.com/journals/optics-and-laser-technology/0030-3992/guide-for-authors
,https://www.elsevier.com/journals/optics-and-lasers-in-engineering/0143-8166/guide-for-authors
,
,https://www.elsevier.com/journals/optics-communications/0030-4018/guide-for-authors
,
,
,https://www.elsevier.com/journals/optik/0030-4026/guide-for-authors
,
,
,https://www.elsevier.com/journals/oral-oncology/1368-8375/guide-for-authors
,
,https://www.elsevier.com/journals/ore-geology-reviews/0169-1368/guide-for-authors
,
,https://www.elsevier.com/journals/organic-electronics/1566-1199/guide-for-authors
,https://www.elsevier.com/journals/organic-geochemistry/0146-6380/guide-for-authors
,
,
,
,
,
,https://www.elsevier.com/journals/orthopedic-clinics-of-north-america/0030-5898/guide-for-authors
,
,
,https://www.elsevier.com/journals/osteoarthritis-and-cartilage/1063-4584/guide-for-authors
,
,https://www.elsevier.com/journals/otolaryngologic-clinics-of-north-america/0030-6665/guide-for-authors
,
,
,
,
,
,
,
,
,
,https://www.elsevier.com/journals/palaeogeography-palaeoclimatology-palaeoecology/0031-0182/guide-for-authors
,
,
,
,
,
,
,
,
,
,
,
,
,
,
,
,
,https://www.elsevier.com/journals/pathologie-biologie/0369-8114/guide-for-authors
,https://www.elsevier.com/journals/pathology/0031-3025/guide-for-authors